<ImportExportXml version="8.2.0002.0112" SolutionPackageVersion="8.2" languagecode="1033" generatedBy="OnPremise" xmlns:xsi="http://www.w3.org/2001/XMLSchema-instance">
  <SolutionManifest>
    <UniqueName>Checkbox</UniqueName>
    <LocalizedNames>
      <LocalizedName description="Checkbox" languagecode="1033" />
    </LocalizedNames>
    <Descriptions>
      <Description description="Checkbox provides an alternative to the subgrid when a different user interface makes sense and the number of choices are reasonable.&#xA;&#xA;More info later" languagecode="1033" />
    </Descriptions>
    <Version>1.0.0.0</Version>
    <Managed>0</Managed>
    <Publisher>
      <UniqueName>GS</UniqueName>
      <LocalizedNames>
        <LocalizedName description="Greiss Solutions" languagecode="1033" />
      </LocalizedNames>
      <Descriptions />
      <EMailAddress xsi:nil="true"></EMailAddress>
      <SupportingWebsiteUrl xsi:nil="true"></SupportingWebsiteUrl>
      <CustomizationPrefix>gs</CustomizationPrefix>
      <CustomizationOptionValuePrefix>71760</CustomizationOptionValuePrefix>
      <Addresses>
        <Address>
          <AddressNumber>1</AddressNumber>
          <AddressTypeCode>1</AddressTypeCode>
          <City xsi:nil="true"></City>
          <County xsi:nil="true"></County>
          <Country xsi:nil="true"></Country>
          <Fax xsi:nil="true"></Fax>
          <FreightTermsCode xsi:nil="true"></FreightTermsCode>
          <ImportSequenceNumber xsi:nil="true"></ImportSequenceNumber>
          <Latitude xsi:nil="true"></Latitude>
          <Line1 xsi:nil="true"></Line1>
          <Line2 xsi:nil="true"></Line2>
          <Line3 xsi:nil="true"></Line3>
          <Longitude xsi:nil="true"></Longitude>
          <Name xsi:nil="true"></Name>
          <PostalCode xsi:nil="true"></PostalCode>
          <PostOfficeBox xsi:nil="true"></PostOfficeBox>
          <PrimaryContactName xsi:nil="true"></PrimaryContactName>
          <ShippingMethodCode>1</ShippingMethodCode>
          <StateOrProvince xsi:nil="true"></StateOrProvince>
          <Telephone1 xsi:nil="true"></Telephone1>
          <Telephone2 xsi:nil="true"></Telephone2>
          <Telephone3 xsi:nil="true"></Telephone3>
          <TimeZoneRuleVersionNumber xsi:nil="true"></TimeZoneRuleVersionNumber>
          <UPSZone xsi:nil="true"></UPSZone>
          <UTCOffset xsi:nil="true"></UTCOffset>
          <UTCConversionTimeZoneCode xsi:nil="true"></UTCConversionTimeZoneCode>
        </Address>
        <Address>
          <AddressNumber>2</AddressNumber>
          <AddressTypeCode>1</AddressTypeCode>
          <City xsi:nil="true"></City>
          <County xsi:nil="true"></County>
          <Country xsi:nil="true"></Country>
          <Fax xsi:nil="true"></Fax>
          <FreightTermsCode xsi:nil="true"></FreightTermsCode>
          <ImportSequenceNumber xsi:nil="true"></ImportSequenceNumber>
          <Latitude xsi:nil="true"></Latitude>
          <Line1 xsi:nil="true"></Line1>
          <Line2 xsi:nil="true"></Line2>
          <Line3 xsi:nil="true"></Line3>
          <Longitude xsi:nil="true"></Longitude>
          <Name xsi:nil="true"></Name>
          <PostalCode xsi:nil="true"></PostalCode>
          <PostOfficeBox xsi:nil="true"></PostOfficeBox>
          <PrimaryContactName xsi:nil="true"></PrimaryContactName>
          <ShippingMethodCode>1</ShippingMethodCode>
          <StateOrProvince xsi:nil="true"></StateOrProvince>
          <Telephone1 xsi:nil="true"></Telephone1>
          <Telephone2 xsi:nil="true"></Telephone2>
          <Telephone3 xsi:nil="true"></Telephone3>
          <TimeZoneRuleVersionNumber xsi:nil="true"></TimeZoneRuleVersionNumber>
          <UPSZone xsi:nil="true"></UPSZone>
          <UTCOffset xsi:nil="true"></UTCOffset>
          <UTCConversionTimeZoneCode xsi:nil="true"></UTCConversionTimeZoneCode>
        </Address>
      </Addresses>
    </Publisher>
    <RootComponents>
      <RootComponent type="1" schemaName="gs_checkboxchildtest" behavior="0" />
      <RootComponent type="1" schemaName="gs_checkboxconfiguration" behavior="0" />
      <RootComponent type="1" schemaName="gs_checkboxparenttest" behavior="0" />
      <RootComponent type="60" id="{3bfe841b-df05-4339-96f9-3dc81df61cb2}" behavior="0" />
      <RootComponent type="60" id="{e7c93888-c453-44c5-8c71-f29f6ea527d8}" behavior="0" />
      <RootComponent type="60" id="{f0913163-dc27-402a-aaec-4c0327eb6ad8}" behavior="0" />
      <RootComponent type="61" schemaName="gs_actionEditor.html" behavior="0" />
      <RootComponent type="61" schemaName="gs_checkbox_selections.css" behavior="0" />
      <RootComponent type="61" schemaName="gs_checkbox_selections.html" behavior="0" />
      <RootComponent type="61" schemaName="gs_codeflask.js" behavior="0" />
      <RootComponent type="61" schemaName="gs_draggable.js" behavior="0" />
      <RootComponent type="61" schemaName="gs_dynamicswebapi.js" behavior="0" />
      <RootComponent type="61" schemaName="gs_entity_metadata.html" behavior="0" />
      <RootComponent type="61" schemaName="gs_pell.css" behavior="0" />
      <RootComponent type="61" schemaName="gs_pell.js" behavior="0" />
      <RootComponent type="61" schemaName="gs_popper.js" behavior="0" />
      <RootComponent type="61" schemaName="gs_promise.js" behavior="0" />
      <RootComponent type="61" schemaName="gs_tabbyui.css" behavior="0" />
      <RootComponent type="61" schemaName="gs_tabbyui.js" behavior="0" />
      <RootComponent type="61" schemaName="gs_tippy.js" behavior="0" />
      <RootComponent type="61" schemaName="gs_tippylight.css" behavior="0" />
      <RootComponent type="61" schemaName="gs_tooltipeditor.html" behavior="0" />
    </RootComponents>
    <MissingDependencies />
  </SolutionManifest>
</ImportExportXml>